"","subjID","ang_rate","hap_rate","sur_rate","neg_rate","pos_rate","amb_rate","ang_rate_b1","hap_rate_b1","sur_rate_b1","neg_rate_b1","pos_rate_b1","amb_rate_b1","ang_rate_b2","hap_rate_b2","sur_rate_b2","neg_rate_b2","pos_rate_b2","amb_rate_b2","ang_rate_b3","hap_rate_b3","sur_rate_b3","neg_rate_b3","pos_rate_b3","amb_rate_b3","ang_rate_b4","hap_rate_b4","sur_rate_b4","neg_rate_b4","pos_rate_b4","amb_rate_b4","ang_RT","hap_RT","sur_RT","sur_p_RT","sur_n_RT","neg_RT","pos_RT","amb_RT","amb_p_RT","amb_n_RT","erq_1","erq_2","erq_3","erq_4","erq_5","erq_6","erq_7","erq_8","erq_9","erq_10","ERQCR","ERQES","stai.s_1-","stai.s_2-","stai.s_3","stai.s_4","stai.s_5-","stai.s_6","stai.s_7","stai.s_8-","stai.s_9","stai.s_10-","stai.s_11-","stai.s_12","stai.s_13","stai.s_14","stai.s_15-","stai.s_16-","stai.s_17","stai.s_18","stai.s_19-","stai.s_20-","STAI.S","stai.t_1-","stai.t_2","stai.t_3-","stai.t_4","stai.t_5","stai.t_6-","stai.t_7-","stai.t_8","stai.t_9","stai.t_10-","stai.t_11","stai.t_12","stai.t_13-","stai.t_14-","stai.t_15","stai.t_16-","stai.t_17","stai.t_18","stai.t_19-","stai.t_20","STAI.T","NE_only_1-","NE_only_2","NE_only_3","NE_only_4","NE_only_5","NE_only_6","NE_only_7","NE_only_8","NE_only_9-","NE_only_10","NE_only_11","NE_only_12-","NE_only_13","NE_only_14-","NE_only_15-","NE_only_16-","NE_only_17","NE_only_18-","NE_only_19-","NE_only_20","NE_only_21","NE_only_22","NE_only_23-","NE_only_24-","NE_only_25","NE_only_26","NE_only_27-","NE_only_28-","NE_only_29","NE_only_30-","NE_only_31-","NE_only_32","NE_only_33-","NE_only_34","NE_only_35","NE_only_36","NE_only_37","NE_only_38","NE_only_39-","NE_only_40","NE_only_41","NE_only_42-","NE_only_43","NE_only_44-","NE_only_45-","NE_only_46-","NE_only_47","NE_only_48-","NE_only_49","NE_only_50","NE_only_51","NE_only_52","NE_only_53","NE_only_54-","NE_only_55-","NE_only_56","NE_only_57-","NE_only_58","NE_only_59-","NE_only_60","NEO.N","NEO.E","NEO.O","NEO.A","NEO.C","bdi.1","bdi.2","bdi.3","bdi.4","bdi.5","bdi.6","bdi.7","bdi.8","bdi.9","bdi.10","bdi.11","bdi.12","bdi.13","bdi.14","bdi.15","bdi.16","bdi.17","bdi.18","bdi.19","bdi.20","bdi.21","BDI"
"1",71001,1,0.0833333333333333,0.708333333333333,0.916666666666667,0,0.625,1,0,0.666666666666667,NA,NA,NA,NA,NA,NA,1,0,0.833333333333333,1,0.166666666666667,0.75,NA,NA,NA,NA,NA,NA,0.833333333333333,0,0.416666666666667,1521.83333333333,1948.72727272727,2891.95833333333,2850.85714285714,2908.88235294118,1656.45454545455,1506.08333333333,2225.29166666667,2137.44444444444,2278,6,4,5,1,2,1,5,2,3,4,4,2.25,2,3,2,1,3,1,1,2,1,3,1,2,2,1,2,2,1,1,2,3,36,1,2,2,2,1,2,2,3,3,1,1,1,2,3,2,2,3,1,2,4,40,4,3,2,4,3,4,4,2,4,3,3,3,3,3,1,2,4,4,0,3,3,4,1,3,0,3,4,4,3,2,4,2,4,3,3,1,3,3,4,3,1,3,1,4,3,3,3,1,4,3,0,4,2,2,4,0,4,2,4,4,28,41,29,38,32,0,0,0,1,0,0,1,1,0,0,0,0,0,1,0,0,0,0,0,0,0,4
"2",71002,1,0,0.75,0.916666666666667,0,0.416666666666667,1,0,0.833333333333333,NA,NA,NA,NA,NA,NA,1,0,0.416666666666667,1,0,0.666666666666667,NA,NA,NA,NA,NA,NA,0.833333333333333,0,0.416666666666667,1489.41666666667,1726.91666666667,1640.04166666667,1993.83333333333,1522.11111111111,1645.18181818182,1626.58333333333,2049.29166666667,2009.07142857143,2105.6,7,5,7,2,7,4,7,7,4,7,7,3.75,2,1,2,1,2,1,1,2,1,1,3,1,2,3,2,2,1,1,2,1,32,2,2,2,4,2,3,2,2,4,2,1,3,1,3,2,2,4,2,2,4,49,3,2,3,3,2,2,3,3,3,4,3,3,2,2,3,2,4,3,3,2,3,3,1,3,3,1,2,2,4,1,4,2,1,3,4,2,3,2,3,0,1,4,2,1,0,3,4,2,4,4,2,4,3,3,3,3,2,3,3,4,29,36,27,35,30,0,0,0,1,0,0,0,1,0,0,0,0,0,0,0,1,0,3,2,0,0,8
"3",71003,1,0,0.0416666666666667,1,0,0.375,NA,NA,NA,1,0,0.5,1,0,0.0833333333333333,NA,NA,NA,NA,NA,NA,1,0,0.25,1,0,0,NA,NA,NA,1512.75,1651,1916.33333333333,1903.34782608696,2215,2090.58333333333,1690.83333333333,2332.54166666667,2200.06666666667,2553.33333333333,6,4,6,1,5,3,6,5,2,6,5.66666666666667,2.5,2,3,1,1,1,1,1,1,1,1,2,1,1,1,1,1,1,4,2,1,28,1,2,1,2,1,2,2,2,2,1,1,2,1,2,1,1,2,2,1,2,31,1,3,2,3,4,3,4,3,2,4,2,4,2,2,3,1,4,3,0,3,1,3,1,2,3,1,4,3,3,3,2,4,2,2,4,2,4,3,2,4,1,4,1,2,4,2,2,2,4,4,1,4,4,1,4,1,3,2,2,4,18,43,28,25,44,0,0,0,0,0,0,1,1,0,0,0,0,0,0,1,1,0,1,0,1,0,6
"4",71004,1,0,0.5,0.833333333333333,0,0.541666666666667,NA,NA,NA,0.666666666666667,0,0.5,1,0,0.5,NA,NA,NA,NA,NA,NA,1,0,0.583333333333333,1,0,0.5,NA,NA,NA,1634.5,1693.91666666667,2034.58333333333,2063.25,2005.91666666667,2135.9,2115.83333333333,2928.25,3094.90909090909,2787.23076923077,5,4,3,2,5,2,6,6,3,6,5.16666666666667,2.75,1,1,3,3,3,1,2,2,1,2,1,2,2,1,2,2,2,1,3,3,38,1,3,1,1,2,2,2,2,3,2,1,1,1,2,2,2,2,2,2,1,35,2,3,3,4,4,3,3,3,3,3,2,2,3,3,2,2,3,1,2,3,2,3,3,2,3,1,2,2,3,1,3,3,3,3,3,2,4,4,3,3,3,3,2,2,2,2,3,2,4,3,2,3,3,2,3,1,2,3,1,4,25,34,32,32,34,0,0,0,0,0,0,0,1,0,1,0,0,0,0,1,1,0,1,0,1,0,6
"5",71005,0.916666666666667,0,0.666666666666667,1,0,0.583333333333333,1,0,0.583333333333333,NA,NA,NA,NA,NA,NA,1,0,0.583333333333333,0.833333333333333,0,0.75,NA,NA,NA,NA,NA,NA,1,0,0.583333333333333,2124.09090909091,2630.58333333333,3179.45833333333,4050.75,2743.8125,2069.91666666667,2175.66666666667,3697.16666666667,3871.3,3572.78571428571,6,3,6,2,5,1,7,6,2,6,6,2,3,3,2,2,3,2,2,3,1,2,2,2,1,3,3,3,4,1,3,3,48,3,3,3,3,2,4,3,3,3,3,2,2,2,4,2,3,2,2,3,3,55,4,4,2,4,4,3,2,3,4,3,4,0,3,3,2,3,4,2,3,4,3,2,1,4,4,2,1,2,4,1,4,1,4,3,4,2,2,4,2,3,3,3,1,4,3,4,4,2,4,3,2,1,4,3,3,3,3,2,4,4,37,27,30,42,38,2,1,0,0,1,0,2,2,1,2,0,0,0,0,1,0,0,3,1,2,0,18
"6",71007,1,0,0.791666666666667,0.833333333333333,0,0.583333333333333,NA,NA,NA,0.833333333333333,0,0.5,1,0,0.75,NA,NA,NA,NA,NA,NA,0.833333333333333,0,0.666666666666667,1,0,0.833333333333333,NA,NA,NA,1463.41666666667,1593.75,1824.66666666667,2491.2,1649.26315789474,2049.7,1702.66666666667,2514.70833333333,2108.3,2805,6,6,6,3,5,5,6,6,5,6,5.83333333333333,4.75,1,1,1,1,1,1,1,1,1,1,1,1,2,2,1,1,1,1,1,1,22,1,2,1,1,1,3,2,2,2,1,1,2,1,2,1,1,2,1,1,2,30,3,2,1,4,3,3,2,3,3,0,3,2,2,3,3,1,3,4,3,4,3,2,0,1,4,1,1,2,3,3,2,1,3,2,4,1,2,1,3,4,1,3,0,4,3,1,3,3,3,4,1,3,3,3,3,1,3,2,1,4,21,27,24,33,39,0,0,0,0,1,0,0,1,0,1,1,0,0,0,1,1,0,0,0,1,0,7
"7",71008,1,0,0.625,0.833333333333333,0,0.375,NA,NA,NA,0.833333333333333,0,0.416666666666667,1,0,0.583333333333333,NA,NA,NA,NA,NA,NA,0.833333333333333,0,0.333333333333333,1,0,0.666666666666667,NA,NA,NA,1357.5,1436,1615.875,1672.66666666667,1581.8,1715,1606.75,1939.95833333333,1838.13333333333,2109.66666666667,1,2,5,1,4,3,3,3,2,3,3.16666666666667,2,1,1,1,1,1,1,1,2,1,1,1,1,1,1,1,2,3,1,2,1,25,2,1,2,3,1,3,1,1,1,1,1,1,2,1,2,1,2,2,1,3,32,3,4,4,4,3,3,4,4,1,4,2,2,3,1,3,3,4,4,0,4,0,4,4,1,3,1,4,4,2,1,4,3,3,3,3,2,4,4,0,4,1,4,4,2,3,1,4,4,4,4,1,4,4,0,3,0,4,1,1,3,21,45,43,19,38,0,0,0,0,0,0,0,0,0,3,1,0,0,0,1,2,0,3,0,1,0,11
"8",71009,1,0,0.916666666666667,1,0,0.5,1,0,0.916666666666667,NA,NA,NA,NA,NA,NA,1,0,0.416666666666667,1,0,0.916666666666667,NA,NA,NA,NA,NA,NA,1,0,0.583333333333333,1403.66666666667,1312.58333333333,1655.20833333333,3523,1485.40909090909,1507.66666666667,1519.91666666667,2108.58333333333,2120.91666666667,2096.25,5,5,5,2,6,3,6,7,3,7,6,3.25,1,1,1,1,1,1,1,2,1,1,1,1,1,3,1,2,1,1,1,1,24,2,2,2,1,1,2,1,2,2,2,2,2,1,3,2,2,2,2,1,1,35,1,1,2,4,3,2,3,4,4,3,1,2,4,2,4,1,3,4,2,4,1,2,3,2,3,0,1,3,2,1,1,2,1,4,4,0,4,2,3,3,0,3,3,3,1,0,1,4,4,4,1,3,4,4,3,1,3,4,3,4,9,28,38,37,37,0,0,0,0,0,0,0,0,0,0,0,0,0,0,0,1,0,0,0,0,1,2
"9",71010,1,0,0.875,0.916666666666667,0,0.5,1,0,0.833333333333333,NA,NA,NA,NA,NA,NA,1,0,0.583333333333333,1,0,0.916666666666667,NA,NA,NA,NA,NA,NA,0.833333333333333,0,0.416666666666667,1461.41666666667,1511.33333333333,1831.375,2748.33333333333,1700.38095238095,1426,1333.5,1669.875,1465.83333333333,1873.91666666667,6,5,7,2,5,3,6,6,2,5,5.83333333333333,3,1,1,1,1,1,1,2,2,1,2,2,1,1,1,1,2,1,2,1,1,26,2,2,2,2,1,3,2,3,4,1,2,2,2,2,1,2,2,1,2,2,40,3,2,3,3,2,3,4,4,2,1,3,2,2,3,1,2,3,3,3,2,2,2,3,3,1,2,2,2,1,1,3,3,3,2,2,3,3,3,2,2,1,4,3,2,1,2,2,3,3,2,2,3,3,2,1,1,2,3,2,3,27,32,35,28,19,0,0,1,0,0,0,0,0,0,1,0,0,0,0,0,1,1,1,1,0,0,6
"10",71011,1,0,0.958333333333333,1,0,0.541666666666667,NA,NA,NA,1,0,0.5,1,0,1,NA,NA,NA,NA,NA,NA,1,0,0.583333333333333,1,0,0.916666666666667,NA,NA,NA,1258.58333333333,1278.33333333333,1244.20833333333,1324,1240.73913043478,1470.41666666667,1357.16666666667,1548.66666666667,1598.90909090909,1506.15384615385,5,3,5,2,6,2,7,4,3,5,5.33333333333333,2.5,2,1,3,3,3,1,4,3,2,2,2,4,1,2,3,3,3,3,1,2,48,2,2,2,3,1,2,3,1,3,1,1,2,2,2,1,2,2,2,2,1,37,3,3,1,4,4,2,3,3,3,3,2,4,2,3,3,3,4,3,3,3,2,1,2,3,2,1,1,1,4,3,3,1,4,4,4,4,3,3,3,3,1,3,1,2,2,1,4,3,4,3,1,3,2,2,4,1,4,1,4,4,24,34,26,39,38,0,0,0,0,0,0,0,1,0,0,1,0,0,0,1,1,0,1,0,1,1,7
"11",71012,0.75,0,0,0.75,0,0.375,NA,NA,NA,0.666666666666667,0,0.333333333333333,0.666666666666667,0,0,NA,NA,NA,NA,NA,NA,0.833333333333333,0,0.416666666666667,0.833333333333333,0,0,NA,NA,NA,1516.66666666667,1546.25,1826.58333333333,1826.58333333333,NA,1556,1576.16666666667,1877,1763.46666666667,2066.22222222222,3,5,5,3,6,5,3,4,4,6,4.5,4.25,2,2,1,1,2,1,2,3,1,3,3,1,1,3,2,2,1,1,3,2,37,2,1,3,2,2,3,1,1,2,2,2,2,2,3,2,3,2,2,2,1,40,2,2,4,3,3,2,2,3,3,3,1,2,3,2,3,3,3,3,2,2,1,2,2,2,2,2,3,4,3,2,2,2,2,3,4,2,3,1,2,4,1,3,2,2,2,2,3,2,4,3,2,1,4,4,2,2,2,3,2,4,22,28,33,32,34,0,0,0,0,0,0,0,2,0,0,0,0,0,1,0,0,0,0,0,0,0,3
"12",71013,1,0,0.416666666666667,0.916666666666667,0,0.375,1,0,0.583333333333333,NA,NA,NA,NA,NA,NA,1,0,0.333333333333333,1,0,0.25,NA,NA,NA,NA,NA,NA,0.833333333333333,0,0.416666666666667,1642.66666666667,1976.91666666667,1852.41666666667,1610,2191.8,1677.81818181818,1721.16666666667,2057.66666666667,1805.93333333333,2477.22222222222,6,3,6,1,3,1,6,5,3,6,5.33333333333333,2,1,1,1,1,1,1,1,1,1,1,2,1,1,2,1,1,1,2,2,1,24,2,2,1,3,1,3,3,1,2,2,1,2,2,3,1,2,2,2,2,2,39,4,3,3,4,3,3,4,3,3,1,3,3,3,4,2,2,4,3,2,3,3,3,3,3,3,2,3,4,1,1,3,2,3,3,3,3,3,4,3,2,1,4,4,4,1,2,3,4,4,3,0,4,3,2,3,1,2,2,3,3,27,38,39,36,28,0,0,0,0,1,0,1,1,0,0,1,0,0,0,2,1,1,0,2,1,0,11
"13",71014,1,0,0.791666666666667,0.916666666666667,0,0.416666666666667,1,0,0.833333333333333,NA,NA,NA,NA,NA,NA,1,0,0.583333333333333,1,0,0.75,NA,NA,NA,NA,NA,NA,0.833333333333333,0,0.25,1519.58333333333,1470.41666666667,1897.25,1999.2,1870.42105263158,1788.09090909091,1547,2145.20833333333,2015.07142857143,2327.4,6,5,4,2,2,4,5,5,4,4,4.33333333333333,3.75,2,2,2,1,3,2,2,2,2,3,3,2,1,1,2,3,2,2,2,2,41,3,2,2,2,1,3,2,1,2,3,2,2,3,2,1,2,2,3,3,2,43,3,2,1,4,4,3,4,4,4,4,3,3,2,3,4,3,3,3,3,4,2,1,1,4,4,1,3,3,4,3,2,2,3,3,4,2,3,3,4,3,2,3,3,3,3,3,3,3,4,4,1,4,3,4,4,1,4,2,3,4,26,35,31,43,45,1,0,0,1,0,0,1,1,0,1,0,1,1,0,0,0,0,0,0,0,0,7
"14",71015,1,0.0833333333333333,0.666666666666667,0.916666666666667,0,0.541666666666667,NA,NA,NA,0.833333333333333,0,0.583333333333333,1,0.166666666666667,0.416666666666667,NA,NA,NA,NA,NA,NA,1,0,0.5,1,0,0.916666666666667,NA,NA,NA,1201.83333333333,1266.36363636364,1391.75,1312.625,1431.3125,1385.90909090909,1449,1626.91666666667,1646.54545454545,1610.30769230769,5,3,7,2,7,2,7,7,2,7,6.66666666666667,2.25,1,1,3,1,3,1,1,1,2,1,3,2,3,1,1,1,2,2,2,1,33,1,2,2,1,1,3,2,1,1,1,1,2,2,2,1,2,1,1,2,1,30,3,3,3,3,4,3,4,4,3,4,4,1,2,3,3,3,3,3,3,4,3,4,1,3,4,3,2,2,4,2,1,4,3,4,4,2,4,4,1,4,1,3,1,2,4,3,4,2,4,3,2,3,4,3,4,1,3,4,2,4,29,38,33,35,44,0,0,2,1,0,0,1,2,0,3,3,1,0,0,1,2,0,1,1,1,0,19
"15",71016,1,0,0.958333333333333,1,0.0833333333333333,0.625,NA,NA,NA,1,0.166666666666667,0.75,1,0,0.916666666666667,NA,NA,NA,NA,NA,NA,1,0,0.5,1,0,1,NA,NA,NA,1626.91666666667,1756.83333333333,1822.95833333333,3021,1770.86956521739,2342.5,1719.36363636364,2976.16666666667,3629.33333333333,2584.26666666667,6,4,6,4,3,4,5,4,4,5,4.83333333333333,4,2,2,2,1,3,1,2,2,1,3,2,2,1,2,2,1,2,1,2,2,36,2,3,2,2,1,4,3,2,4,2,1,2,2,3,2,1,2,2,2,2,44,4,2,2,3,3,3,4,3,2,3,4,2,2,3,3,3,2,3,3,3,2,1,4,4,3,2,1,3,2,0,3,1,1,2,3,2,2,3,3,3,2,2,3,3,2,2,4,1,3,2,1,2,2,3,3,1,1,2,3,4,29,24,29,34,32,1,0,0,0,0,0,0,0,0,1,0,0,0,0,1,1,0,0,0,1,0,5
"16",71017,1,0,0.708333333333333,1,0,0.541666666666667,NA,NA,NA,1,0,0.666666666666667,1,0,0.75,NA,NA,NA,NA,NA,NA,1,0,0.416666666666667,1,0,0.666666666666667,NA,NA,NA,1190.08333333333,1123.58333333333,1311.66666666667,1241.85714285714,1340.41176470588,1372.91666666667,1330.08333333333,1473.625,1437.72727272727,1504,5,3,3,2,4,3,5,4,5,4,4.16666666666667,3.25,2,2,2,2,3,1,3,2,1,2,3,2,1,2,3,2,2,2,3,2,42,3,2,3,3,2,4,3,3,3,2,1,2,2,3,1,2,3,2,2,2,48,3,2,2,3,4,2,3,3,3,3,3,2,2,3,3,2,3,3,2,3,2,3,2,2,3,1,2,2,1,2,3,2,1,3,3,2,2,3,3,3,3,3,2,2,3,3,3,3,3,3,1,3,3,3,4,2,3,3,2,3,27,31,29,30,37,1,1,1,0,0,0,1,1,0,1,1,0,1,0,1,2,1,0,1,1,0,14
"17",71018,1,0,0.333333333333333,0.916666666666667,0,0.458333333333333,1,0,0.333333333333333,NA,NA,NA,NA,NA,NA,1,0,0.416666666666667,1,0,0.333333333333333,NA,NA,NA,NA,NA,NA,0.833333333333333,0,0.5,1440,1340.08333333333,1563.29166666667,1451.6875,1786.5,1546.72727272727,1455.75,1701.45833333333,1695.23076923077,1708.81818181818,6,4,6,1,4,1,4,3,2,4,4.5,2,2,1,2,2,2,2,2,2,1,1,1,2,3,1,2,2,1,1,2,2,34,1,2,1,1,1,3,1,2,2,2,1,1,1,1,1,1,2,2,1,2,29,3,2,3,3,4,2,3,3,2,2,2,3,0,4,4,0,4,4,2,4,1,2,0,2,4,0,4,2,0,3,2,2,3,2,4,1,2,1,4,4,0,4,0,3,4,1,3,0,3,4,0,3,2,3,4,1,3,1,2,3,13,35,19,30,44,0,0,0,0,0,0,0,1,0,1,1,0,0,0,1,1,0,1,1,1,0,8
"18",71019,1,0,0.958333333333333,0.916666666666667,0,0.458333333333333,1,0,0.916666666666667,NA,NA,NA,NA,NA,NA,0.833333333333333,0,0.416666666666667,1,0,1,NA,NA,NA,NA,NA,NA,1,0,0.5,1424.16666666667,3529.16666666667,1448.66666666667,1725,1436.65217391304,1733,1547.66666666667,1953.41666666667,2095.69230769231,1785.27272727273,5,3,6,1,6,2,6,6,3,6,5.83333333333333,2.25,2,1,1,1,2,1,1,1,1,2,2,2,1,2,1,1,2,1,2,2,29,1,2,1,2,2,3,2,1,2,2,1,1,1,3,1,1,2,2,2,2,34,4,3,3,4,1,2,3,3,3,1,1,3,3,4,3,2,3,4,1,2,1,1,2,3,2,3,3,3,1,1,2,3,3,3,3,1,4,3,3,2,1,3,1,4,1,1,3,3,4,2,1,3,3,3,1,3,3,3,4,4,22,35,34,37,23,0,1,0,0,0,0,0,1,0,0,0,0,1,0,1,1,0,0,0,1,0,6
"19",71020,1,0,0,1,0,0.458333333333333,NA,NA,NA,1,0,0.583333333333333,1,0,0,NA,NA,NA,NA,NA,NA,1,0,0.333333333333333,1,0,0,NA,NA,NA,1454.75,1311.83333333333,1439.83333333333,1439.83333333333,NA,1775.83333333333,1479.58333333333,2442.70833333333,2398.76923076923,2494.63636363636,6,3,7,1,5,5,7,6,2,7,6.33333333333333,2.75,1,2,2,2,1,1,2,1,2,1,1,2,2,2,1,1,2,1,1,1,29,1,2,2,1,1,2,2,2,2,1,1,1,2,2,2,1,1,1,1,1,29,3,3,3,4,4,3,4,4,4,4,4,0,3,1,1,0,4,3,1,4,1,4,1,3,3,0,3,3,0,1,1,4,1,4,4,1,4,4,0,4,1,4,0,2,3,4,4,3,3,4,0,4,3,3,4,0,1,3,3,4,18,39,31,28,40,0,1,0,0,0,0,0,0,0,0,0,0,0,0,0,0,0,1,1,0,0,3
"20",71021,1,0,0.75,1,0,0.375,1,0,0.666666666666667,NA,NA,NA,NA,NA,NA,1,0,0.333333333333333,1,0,0.833333333333333,NA,NA,NA,NA,NA,NA,1,0,0.416666666666667,1311.5,1203,1511.41666666667,1774.66666666667,1423.66666666667,1288.41666666667,1279.91666666667,1583.79166666667,1672.06666666667,1436.66666666667,7,3,7,1,7,1,7,6,4,7,6.83333333333333,2.25,2,1,1,1,2,1,3,3,2,3,3,1,1,4,3,3,2,1,2,2,41,2,1,3,1,1,3,3,2,2,2,1,3,2,3,1,2,2,3,2,2,41,4,2,4,4,3,4,4,4,4,3,4,4,4,3,2,3,4,4,3,4,0,2,4,4,3,2,4,4,3,1,4,1,3,2,3,2,3,4,4,2,4,4,4,4,1,1,3,4,4,3,1,2,3,4,3,1,0,2,4,3,30,33,44,43,31,0,1,0,0,0,0,0,1,0,0,0,0,1,0,1,1,0,0,0,0,0,5
"21",71022,1,0,0.833333333333333,0.916666666666667,0,0.333333333333333,1,0,0.75,NA,NA,NA,NA,NA,NA,1,0,0.25,1,0,0.916666666666667,NA,NA,NA,NA,NA,NA,0.833333333333333,0,0.416666666666667,1737.41666666667,1889.66666666667,1947.54166666667,2210.25,1895,1670.54545454545,1677.91666666667,1894.04166666667,1889.3125,1903.5,7,3,7,1,7,1,7,7,5,7,7,2.5,1,1,1,1,1,1,1,2,1,1,2,1,1,1,1,1,1,1,2,1,23,1,2,2,1,1,2,2,2,2,1,1,2,1,2,1,1,3,2,1,2,32,3,4,1,4,3,3,4,4,3,4,0,3,4,4,3,3,4,4,4,1,0,3,3,3,3,0,4,3,4,4,1,3,4,0,0,3,4,3,4,4,1,4,3,4,4,3,4,3,4,4,0,4,4,4,4,0,1,3,4,4,17,42,39,42,38,1,1,0,0,0,0,0,1,0,0,0,0,0,0,0,1,0,1,0,1,0,6
"22",71023,1,0,0.875,0.916666666666667,0,0.333333333333333,NA,NA,NA,0.833333333333333,0,0.416666666666667,1,0,0.833333333333333,NA,NA,NA,NA,NA,NA,1,0,0.25,1,0,0.916666666666667,NA,NA,NA,1367.75,1184.08333333333,1407,1362,1413.42857142857,1469.54545454545,1293.5,1385.16666666667,1371.375,1412.75,6,4,6,1,5,2,6,4,3,5,5.33333333333333,2.5,2,2,1,1,1,1,2,3,1,2,2,2,1,1,3,3,2,1,2,2,35,2,2,2,1,1,2,2,2,2,2,2,2,2,2,1,1,2,1,1,1,33,4,4,2,3,3,3,4,3,4,3,1,4,4,4,3,3,4,3,1,3,1,2,0,4,3,2,3,3,3,3,1,3,3,3,3,1,3,2,4,4,1,4,3,3,3,2,3,3,4,2,1,3,3,2,3,1,2,3,3,4,21,39,32,38,37,0,0,0,0,0,0,0,1,0,0,0,0,0,0,1,1,0,0,1,1,0,5
"23",71024,1,0.0833333333333333,0.708333333333333,0.916666666666667,0,0.541666666666667,NA,NA,NA,0.833333333333333,0,0.583333333333333,1,0.166666666666667,0.75,NA,NA,NA,NA,NA,NA,1,0,0.5,1,0,0.666666666666667,NA,NA,NA,1427.5,1287.45454545455,1524.91666666667,1498.14285714286,1535.94117647059,1479.45454545455,1439.5,1681.875,1692.63636363636,1672.76923076923,5,6,4,3,5,2,6,5,6,6,5.16666666666667,4.25,1,3,1,1,2,1,1,3,1,2,3,1,1,4,1,2,1,1,4,2,36,2,3,3,2,2,3,3,3,3,2,2,4,3,4,2,2,3,4,3,3,56,4,1,2,4,3,3,4,3,3,3,4,2,2,3,1,3,1,4,4,3,1,2,3,4,3,3,1,2,3,1,4,1,3,4,4,2,1,4,3,3,3,2,3,1,3,3,3,3,4,3,3,2,4,4,3,1,3,2,3,4,34,23,35,40,34,0,0,1,1,0,0,1,2,0,0,0,1,3,0,1,0,0,0,0,0,0,10
"24",71025,1,0,0.791666666666667,0.916666666666667,0,0.541666666666667,1,0,0.75,NA,NA,NA,NA,NA,NA,1,0,0.583333333333333,1,0,0.833333333333333,NA,NA,NA,NA,NA,NA,0.833333333333333,0,0.5,1594,1328.08333333333,1725.08333333333,1958.6,1663.63157894737,1454.27272727273,1537.5,1902.625,1917,1890.46153846154,7,5,6,2,5,3,6,6,3,6,6,3.25,2,2,2,2,3,2,3,2,2,2,3,3,1,1,2,2,3,2,3,3,45,3,3,3,3,2,3,3,3,2,3,3,3,3,3,3,3,3,3,3,3,58,3,2,3,3,3,4,2,3,3,2,3,2,3,3,3,3,3,4,1,4,1,2,1,3,3,2,2,2,1,2,3,1,3,3,3,2,2,3,2,4,2,3,1,3,3,2,3,3,3,4,2,4,3,2,3,3,3,3,3,4,30,29,32,30,38,1,1,0,1,1,0,1,2,0,1,1,0,0,1,1,0,0,0,0,0,0,11
"25",71026,0.916666666666667,0.166666666666667,0.75,1,0,0.333333333333333,1,0.333333333333333,0.666666666666667,NA,NA,NA,NA,NA,NA,1,0,0.416666666666667,0.833333333333333,0,0.833333333333333,NA,NA,NA,NA,NA,NA,1,0,0.25,1668.72727272727,1453.6,2001.29166666667,2258.66666666667,1915.5,1994.5,1725.33333333333,2687.16666666667,2596.0625,2869.375,5,2,4,1,2,2,2,3,2,5,3.5,1.75,3,3,1,1,4,2.36842105263158,1,3,2,2,2,4,4,1,3,3,1,1,3,3,47.3684210526316,2,2,3,2,2,4,3,2,3,2,3,3,3,1,3,3,2,2,3,2,50,4,4,3,4,1,3,3,4,2,0,3,0,4,1,1,3,4,0,2,2,2,2,4,3,2,3,4,2,2,3,3,2,3,3,4,4,3,4,1,3,2,2,3,4,1,1,2,4,4,3,2,3,4,1,1,3,2,4,1,4,33,31,39,28,25,1,1,1,0,0,0,3,1,1,0,1,0,0,2,0,2,0,0,0,0,0,13
"26",71027,0.916666666666667,0,0.708333333333333,0.833333333333333,0,0.5,NA,NA,NA,0.833333333333333,0,0.333333333333333,0.833333333333333,0,0.666666666666667,NA,NA,NA,NA,NA,NA,0.833333333333333,0,0.666666666666667,1,0,0.75,NA,NA,NA,930.090909090909,881.416666666667,1082.29166666667,1105.71428571429,1072.64705882353,1137.8,1001.25,1227.20833333333,1268.91666666667,1185.5,2,5,2,2,5,5,5,3,6,5,3.66666666666667,4.5,1,2,2,1,1,1,1,2,1,2,3,2,2,2,1,2,1,1,2,2,32,2,2,3,2,2,2,2,2,2,2,1,2,2,2,2,1,3,2,2,1,39,2,3,3,3,1,3,3,3,2,1,1,3,2,3,1,1,3,3,1,2,3,2,1,2,3,1,1,3,1,0,3,1,3,3,3,3,1,3,3,3,1,3,1,4,1,1,3,4,4,3,1,1,3,4,1,1,3,3,1,1,21,27,32,31,20,0,0,1,1,1,0,0,0,0,0,0,1,1,0,1,0,0,0,1,1,1,9
"27",71028,1,0,0.5,0.916666666666667,0,0.333333333333333,NA,NA,NA,0.833333333333333,0,0.25,1,0,0.583333333333333,NA,NA,NA,NA,NA,NA,1,0,0.416666666666667,1,0,0.416666666666667,NA,NA,NA,1628.83333333333,1404.33333333333,1737.54166666667,1813.25,1661.83333333333,1697.54545454545,1773.66666666667,2402.33333333333,2368.875,2469.25,6,4,2,3,5,3,5,5,3,4,4.5,3.25,2,2,2,1,2,1,1,2,1,2,2,2,2,2,2,2,1,1,2,2,34,2,1,2,1,1,3,3,1,1,2,1,2,2,3,1,2,1,1,3,1,34,3,4,3,3,3,2,3,3,3,3,3,3,2,2,2,1,3,3,3,3,2,3,2,2,2,1,3,2,3,1,2,2,2,1,3,1,3,2,3,3,2,3,1,2,2,1,2,2,3,3,2,2,2,2,3,1,2,2,3,4,21,33,26,30,32,0,0,0,0,0,0,0,0,0,0,0,0,0,0,0,1,0,0,0,0,0,1
"28",71029,1,0,0.916666666666667,0.916666666666667,0,0.5,1,0,0.916666666666667,NA,NA,NA,NA,NA,NA,1,0,0.5,1,0,0.916666666666667,NA,NA,NA,NA,NA,NA,0.833333333333333,0,0.5,1365.41666666667,1444.91666666667,1570.95833333333,1573.5,1570.72727272727,1525.72727272727,1497.66666666667,1647.16666666667,1601.16666666667,1693.16666666667,5,5,5,2,6,5,6,6,5,6,5.66666666666667,4.25,2,3,2,1,3,1,2,4,1,3,3,2,2,4,2,2,2,1,2,3,45,2,3,3,1,2,3,3,2,3,2,2,2,3,3,2,2,2,2,3,3,48,3,3,1,4,3,3,3,3,4,3,4,3,4,3,1,3,4,4,3,4,3,3,3,4,1,3,3,4,3,1,3,1,4,3,3,0,2,3,1,3,1,3,3,4,1,3,3,4,4,2,0,3,4,3,3,1,3,4,4,4,27,34,41,40,29,1,0,0,1,0,0,1,1,0,1,1,0,1,0,1,1,1,1,0,1,0,12
"29",71030,0.75,0,0.291666666666667,0.833333333333333,0,0.25,1,0,0.5,NA,NA,NA,NA,NA,NA,1,0,0.333333333333333,0.5,0,0.0833333333333333,NA,NA,NA,NA,NA,NA,0.666666666666667,0,0.166666666666667,1601.55555555556,1479.66666666667,1668.125,1621.41176470588,1781.57142857143,1676.5,1546.41666666667,1683.91666666667,1522.55555555556,2168,6,6,6,6,6,6,6,6,6,6,6,6,3,3,2,2,3,2,2,3,2,3,3,2,2,2,3,3,2,2,3,3,50,3,2,3,2,2,3,3,2,3,3,3,2,2,3,2,2,2,3,3,3,51,1,1,4,3,3,3,3,3,3,3,3,1,3,3,1,1,3,3,2,3,3,2,3,3,3,2,1,3,3,1,3,2,1,3,3,2,2,3,3,3,1,2,2,2,3,1,3,4,3,3,1,3,4,1,3,3,3,4,3,4,24,26,37,32,33,0,0,0,0,0,0,0,0,0,0,0,0,0,0,0,0,0,0,1,0,0,1
"30",71031,1,0,0.708333333333333,0.916666666666667,0,0.458333333333333,NA,NA,NA,0.833333333333333,0,0.5,1,0,0.666666666666667,NA,NA,NA,NA,NA,NA,1,0,0.416666666666667,1,0,0.75,NA,NA,NA,1380.58333333333,1548.58333333333,1736.875,1720,1743.82352941176,1411.54545454545,1556.33333333333,2093.58333333333,2168,2005.63636363636,6,3,4,3,4,3,4,5,2,3,4.33333333333333,2.75,3,1,1,1,2,1,1,3,1,2,3,1,3,2,3,2,1,1,2,2,36,2,2,3,2,2,2,3,2,3,1,1,3,2,3,1,2,2,3,3,2,44,4,3,2,4,4,4,4,3,3,2,4,4,1,3,1,2,4,2,3,3,4,3,1,3,3,2,3,3,1,1,4,2,1,3,3,1,3,3,4,3,1,3,2,2,1,2,3,2,4,3,1,4,3,3,3,2,3,1,2,4,31,39,24,35,31,0,0,1,0,0,0,1,1,0,0,0,0,1,0,1,1,0,1,0,1,0,8
"31",71032,1,0.0833333333333333,0.75,1,0,0.541666666666667,NA,NA,NA,1,0,0.5,1,0,0.666666666666667,NA,NA,NA,NA,NA,NA,1,0,0.583333333333333,1,0.166666666666667,0.833333333333333,NA,NA,NA,1400,1391.36363636364,1581.45833333333,1625.5,1566.77777777778,2054,1354.33333333333,2025.5,2217.81818181818,1862.76923076923,4,1,7,1,7,1,5,5,4,7,5.83333333333333,1.75,2,2,1,3,2,1,1,3,1,2,2,1,2,2,2,2,1,2,3,2,37,2,1,2,1,1,3,3,1,1,1,1,1,3,3,1,2,1,1,3,1,33,2,4,2,4,4,4,4,4,4,3,1,3,2.63636363636364,4,3,3,4,3,4,4,2,3,2,4,3,0,4,3,1,3,3,2,3,2,4,0,4,2,4,4,1,4,1,4,2,0,4,3,3,3,0,4,4,4,3,1,3,2,4,3,17,43,31.6363636363636,42,39,0,0,0,0,0,0,0,0,0,0,0,0,0,0,0,0,0,0,0,1,0,1
"32",71033,1,0,0.875,1,0,0.375,1,0,0.833333333333333,NA,NA,NA,NA,NA,NA,1,0,0.333333333333333,1,0,0.916666666666667,NA,NA,NA,NA,NA,NA,1,0,0.416666666666667,1929.91666666667,1800.41666666667,1735.41666666667,2240.33333333333,1663.28571428571,1892.41666666667,1691.16666666667,2325.79166666667,2447.46666666667,2123,4,5,6,2,6,4,4,5,5,6,5.16666666666667,4,1,1,1,1,1,1,1,2,1,2,1,1,1,1,1,2,1,2,2,1,25,2,2,2,1,1,3,1,1,1,2,3,1,2,2,2,2,2,2,2,2,36,2,4,3,4,1,4,4,4,4,3,1,4,3,3,2,4,4,4,3,3,0,4,2,3,1,0,4,3,2,1,1,0,3,3,3,0,2,3,3,3,2,3,2,4,0,3,3,4,3,2,0,3,4,3,3,1,3,4,3,2,18,38,39,38,24,1,0,0,1,0,0,0,0,0,1,0,0,0,0,0,1,0,0,0,0,0,4
"33",71034,1,0,0.916666666666667,0.916666666666667,0,0.333333333333333,1,0,0.833333333333333,NA,NA,NA,NA,NA,NA,1,0,0.25,1,0,1,NA,NA,NA,NA,NA,NA,0.833333333333333,0,0.416666666666667,1279.5,1304.66666666667,1409.25,2736.5,1288.59090909091,1417.18181818182,1220.5,1643.29166666667,1538.375,1853.125,7,4,5,1,5,1,4,4,1,4,4.83333333333333,1.75,1,2,1,1,4,1,1,2,1,2,2,1,1,3,2,2,1,1,2,2,33,2,2,2,1,1,2,2,1,1,1,1,2,1,3,1,1,1,1,2,1,29,3,2,0,3,4,3,4,2,4,3,0,2,0,4,4,1,3,2,1,3,1,2,1,3,2,1,3,3,3,1,1,2,2,2,3,0,4,2,4,3,0,3,0,2,3,4,2,3,3,3,0,2,1,1,4,0,2,1,2,3,14,31,17,32,36,0,1,0,0,0,0,0,0,0,1,0,0,1,0,0,1,0,0,0,1,0,5
"34",71035,1,0.0833333333333333,0.958333333333333,0.916666666666667,0.166666666666667,0.416666666666667,NA,NA,NA,0.833333333333333,0.166666666666667,0.5,1,0.166666666666667,1,NA,NA,NA,NA,NA,NA,1,0.166666666666667,0.333333333333333,1,0,0.916666666666667,NA,NA,NA,1500.75,1580,1457.41666666667,2332,1419.39130434783,1548.09090909091,1604.2,1718.04166666667,1806.14285714286,1594.7,5,3,5,2,3,2,4,5,2,4,4.33333333333333,2.25,1,1,2,2,2,1,1,2,1,2,1,1,3,2,1,2,1,2,2,1,31,2,2,2,1,1,3,2,1,3,1,3,2,2,3,1,2,4,2,2,2,41,1,1,4,3,3,4,3,3,2,2,1,1,3,0,1,1,2,3,1,3,2,2,3,2,3,3,1,4,1,1,3,3,3,2,3,3,3,3,1,1,2,1,3,1,3,1,2,4,3,3,1,2,3,3,3,1,3,4,2,3,23,24,40,21,29,0,0,2,1,1,1,0,1,0,0,0,0,0,0,0,1,1,1,2,0,0,11
"35",71036,0.916666666666667,0.333333333333333,0.458333333333333,1,0,0.666666666666667,NA,NA,NA,1,0,0.75,1,0,0.333333333333333,NA,NA,NA,NA,NA,NA,1,0,0.583333333333333,0.833333333333333,0.666666666666667,0.583333333333333,NA,NA,NA,2318.90909090909,2080.875,2263,2279.76923076923,2243.18181818182,2993.66666666667,2157.41666666667,3063.91666666667,2927.875,3131.9375,5,6,4,2,5,6,5,6,5,6,5.16666666666667,4.75,3,3,2,3,3,2,3,4,3,3,3,3,2,2,3,4,3,3,3,3,58,3,2,4,4,2,4,3,2,3,3,2,4,3,4,3,4,3,3,3,3,62,3,1,2,4,2,3,3,4,1,1,3,2,3,1,1,4,4,3,2,3,2,2,3,3,3,1,1,3,2,0,3,1,3,3,3,2,3,4,2,3,3,4,3,2,1,2,3,3,3,2,0,2,3,3,1,3,3,2,2,3,29,29,36,28,23,1,0,1,2,1,0,0,1,0,0,1,0,1,0,1,1,0,0,1,0,0,11
"36",71037,1,0,0.625,0.916666666666667,0,0.625,1,0,0.75,NA,NA,NA,NA,NA,NA,1,0,0.666666666666667,1,0,0.5,NA,NA,NA,NA,NA,NA,0.833333333333333,0,0.583333333333333,1646.58333333333,1853.33333333333,1900.125,1789.88888888889,1966.26666666667,1796,1810.91666666667,2097.375,1965.22222222222,2176.66666666667,6,5,6,3,5,5,6,6,6,6,5.83333333333333,4.75,2,2,2,1,2,1,2,2,1,2,2,1,1,1,2,2,1,1,2,2,32,2,2,2,2,1,4,2,1,2,2,1,1,2,2,1,2,2,2,2,2,37,3,2,1,4,3,3,3,3,3,3,3,3,2,3,3,1,3,3,3,3,3,2,1,3,3,1,2,2,2,2,3,1,3,3,3,1,3,2,3,3,1,3,1,3,3,1,4,3,3,4,1,4,4,3,3,1,2,1,3,4,22,32,26,36,37,0,1,0,0,0,0,0,1,0,0,0,0,0,0,1,2,1,0,0,1,0,7
"37",71038,1,0,0.791666666666667,0.916666666666667,0,0.291666666666667,1,0,0.75,NA,NA,NA,NA,NA,NA,1,0,0.333333333333333,1,0,0.833333333333333,NA,NA,NA,NA,NA,NA,0.833333333333333,0,0.25,1658.66666666667,1842,1954.45833333333,2208,1887.73684210526,2282.90909090909,1974.25,2447.70833333333,2477.64705882353,2375,4,5,5,2,6,5,5,5,2,5,5,3.5,2,2,1,2,2,1,2,1,1,2,3,1,1,2,2,2,1,1,2,2,33,2,1,3,1,1,3,2,2,2,2,1,2,3,3,1,2,2,2,2,2,39,3,2,2,3,3,2,3,3,2,3,3,2,1,3,2,2,3,3,3,3,1,1,1,2,2,1,1,3,3,1,2,1,3,3,3,2,1,2,3,3,2,2,1,3,3,1,2,2,3,3,1,3,2,3,3,1,1,2,3,3,21,22,25,34,32,0,0,0,1,0,0,1,0,0,0,0,0,0,0,0,1,0,1,1,1,0,6
"38",71039,1,0,0.208333333333333,1,0,0.541666666666667,NA,NA,NA,1,0,0.5,1,0,0.0833333333333333,NA,NA,NA,NA,NA,NA,1,0,0.583333333333333,1,0,0.333333333333333,NA,NA,NA,1227.25,1328.33333333333,1771.95833333333,1653.84210526316,2220.8,1474.58333333333,1323.75,1771.125,1704.27272727273,1827.69230769231,5,6,5,1,6,2,5,6,5,6,5.5,3.5,1,1,1,1,2,2,3,3,1,2,3,1,1,3,2,3,3,1,3,3,40,2,2,3,2,2,4,3,2,3,2,1,2,2,3,2,2,3,2,2,2,46,4,1,2,4,3,1,3,4,3,4,3,1,4,4,4,3,1,4,4,3,1,1,1,4,4,3,1,1,3,1,3,1,3,3,4,0,3,3,4,4,3,3,2,3,4,1,1,3,4,4,0,3,4,3,4,3,3,3,4,4,25,22,34,43,43,1,1,1,0,0,0,2,1,0,1,1,1,1,1,1,1,1,1,1,1,1,18
"39",71040,1,0,0.333333333333333,1,0,0.25,NA,NA,NA,1,0,0.333333333333333,1,0,0.25,NA,NA,NA,NA,NA,NA,1,0,0.166666666666667,1,0,0.416666666666667,NA,NA,NA,1544.41666666667,1400,1866.54166666667,1783.8125,2032,1926.5,1615.08333333333,2161.5,2189.44444444444,2077.66666666667,2,5,7,1,4,6,2,7,6,6,4.66666666666667,4.5,1,1,1,1,1,1,1,1,1,1,2,1,1,1,1,1,1,1,1,1,21,1,2,2,1,1,3,2,1,2,2,1,2,1,2,1,1,2,1,1,2,31,2,4,3,4,3,3,4,4,4,4,3,3,2,4,4,1,4,4,4,4,1,3,1,4,4,2,3,3,4,3,1,2,4,4,4,0,3,4,4,4,0,4,1,3,4,1,4,3,4,4,1,4,3,2,3,0,3,3,4,4,15,41,35,45,45,0,0,0,0,0,0,0,0,0,0,1,0,0,0,1,1,0,1,1,1,0,6
"40",71041,1,0,0.666666666666667,0.833333333333333,0,0.291666666666667,1,0,0.833333333333333,NA,NA,NA,NA,NA,NA,1,0,0.333333333333333,1,0,0.5,NA,NA,NA,NA,NA,NA,0.666666666666667,0,0.25,1372.66666666667,1433.58333333333,1317.04166666667,1390.625,1280.25,1526.5,1497.33333333333,1675.08333333333,1613.94117647059,1823.57142857143,7,6,7,2,7,4,7,7,7,7,7,4.75,1,1,2,1,1,1,1,2,1,2,2,1,1,1,1,2,1,1,2,2,27,1,2,1,1,1,2,2,1,1,1,1,2,1,2,1,1,2,1,1,2,27,1,2,1,4,4,1,3,3,2,4,0,1,3,2,3,2,4,2,1,4,1,2,2,3,4,0,3,0,4,4,1,2,3,4,4,1,4,2,3,4,0,3,3,3,4,0,4,2,3,4,1,4,3,1,4,2,4,2,1,4,10,36,26,31,47,0,0,0,0,1,0,0,1,0,0,1,0,1,0,0,1,0,2,1,1,0,9
"41",71042,0.916666666666667,0,0.791666666666667,1,0,0.625,1,0,0.833333333333333,NA,NA,NA,NA,NA,NA,1,0,0.666666666666667,0.833333333333333,0,0.75,NA,NA,NA,NA,NA,NA,1,0,0.583333333333333,1434.45454545455,1359.08333333333,1823.5,1972.8,1784.21052631579,1612.83333333333,1377.83333333333,1730.66666666667,1726.33333333333,1733.26666666667,5,5,7,1,3,5,5,1,1,5,4.33333333333333,3,3,2,2,2,3,4,4,3,1,3,3,2,1,2,3,4,4,4,3,4,57,2,2,3,4,2,4,3,2,2,2,2,2,1,2,2,3,3,2,3,3,49,3,1,1,3,3,3,3,3,3,4,4,2,0,4,3,4,2,2,3,3,1,3,0,3,2,4,0,4,3,3,1,1,3,4,3,4,2,3,1,4,2,2,0,4,3,2,1,0,4,4,2,2,2,4,4,3,2,0,4,4,33,21,18,40,40,0,1,2,0,0,0,1,1,0,1,1,0,0,1,0,1,0,1,0,0,0,10
"42",71043,1,0.0833333333333333,0.916666666666667,0.916666666666667,0,0.5,NA,NA,NA,0.833333333333333,0,0.583333333333333,1,0,1,NA,NA,NA,NA,NA,NA,1,0,0.416666666666667,1,0.166666666666667,0.833333333333333,NA,NA,NA,1729.25,1819.81818181818,2107,1868.5,2128.68181818182,2045.72727272727,1852.83333333333,2773.25,2499,3047.5,5,2,5,2,6,1,4,5,3,5,5,2,1,1,1,1,2,1,1,3,1,2,2,1,1,2,1,2,1,1,3,2,30,2,1,2,2,1,1,1,2,2,1,1,2,2,2,2,1,2,1,2,1,31,1,4,3,3,2,3,4,4,4,3,2,2,4,3,2,3,3,3,2,3,1,3,3,4,3,3,4,4,3,1,2,2,3,3,3,1,3,3,4,3,3,4,3,3,3,2,2,3,4,3,1,2,4,3,3,1,2,3,3,4,23,35,40,39,33,0,0,2,1,0,0,0,0,0,0,0,0,0,0,0,0,0,1,0,0,0,4
"43",71044,1,0,0.791666666666667,0.916666666666667,0,0.458333333333333,NA,NA,NA,0.833333333333333,0,0.583333333333333,1,0,0.833333333333333,NA,NA,NA,NA,NA,NA,1,0,0.333333333333333,1,0,0.75,NA,NA,NA,1428.16666666667,1724,1846.58333333333,2013.6,1802.63157894737,1997.09090909091,1733.91666666667,2268.75,2160.46153846154,2396.72727272727,4,2,4,2,5,1,5,5,3,5,4.66666666666667,2,2,2,2,2,2,2,1,2,1,2,2,2,2,2,3,1,2,1,2,2,37,2,2,2,2,1,2,2,1,1,1,1,2,2,2,1,1,1,1,2,1,30,3,3,1,4,4,4,2.72727272727273,3,3,3,3,2,1,2,3,1,3,4,3,3,3,2,1,3,3,2,3,2,2,1,3,1,3,3,4,1,3,3,3,3,1,3,2,2,2,2,3,2,4,3,0,3,3,3,3,1,4,1,4,4,24,32.7272727272727,26,36,36,0,0,0,0,0,0,1,0,0,1,0,0,0,0,1,0,1,0,0,0,0,4
"44",71045,1,0,0.458333333333333,0.916666666666667,0,0.458333333333333,1,0,0.416666666666667,NA,NA,NA,NA,NA,NA,1,0,0.416666666666667,1,0,0.5,NA,NA,NA,NA,NA,NA,0.833333333333333,0,0.5,1515.08333333333,1687.83333333333,2055,1980.53846153846,2143,1788.81818181818,1533.33333333333,1986.66666666667,1822.69230769231,2180.45454545455,7,6,7,1,5,2,7,7,6,7,6.66666666666667,3.75,1,1,1,1,1,1,1,1,1,1,1,1,1,1,1,1,1,1,1,1,20,1,2,2,2,2,1,1,2,3,1,1,2,1,1,1,1,2,2,1,1,30,3,3,2,4,4,1,4,4,4,3,3,3,3,4,4,1,4,4,4,3,1,3,3,4,3,1,2,3,4,1,3,1,4,4,4,1,4,3,4,4,3,4,4,2,3,1,3,3,4,3,1,3,3,4,3,1,1,2,4,4,20,35,38,46,39,0,1,0,0,0,0,1,1,0,1,0,0,0,0,1,1,0,1,0,1,0,8
"45",71046,1,0,0.625,0.916666666666667,0,0.458333333333333,1,0,0.583333333333333,NA,NA,NA,NA,NA,NA,1,0,0.583333333333333,1,0,0.666666666666667,NA,NA,NA,NA,NA,NA,0.833333333333333,0,0.333333333333333,1538.16666666667,1624.25,2139.5,2256.88888888889,2069.06666666667,1822.18181818182,1716.75,2973.70833333333,3000.30769230769,2942.27272727273,7,4,7,1,6,4,7,6,2,6,6.5,2.75,1,1,1,1,1,1,2,2,1,1,2,1,1,1,1,1,1,1,1,1,23,1,1,1,1,1,2,1,1,1,1,1,2,1,3,1,1,1,1,1,1,24,2,3,0,3,3,1,4,4,4,4,0,3,3,3,4,1,4,4,4,4,0,0,2,3,4,0,4,4,2,3,0,0,3,3,4,1,4,2,4,4,0,4,3,2,2,0,3,2,3,3,1,3,3,3,4,0,4,1,4,4,6,36,31,38,43,0,0,0,0,0,0,0,0,0,0,0,0,0,0,0,0,0,0,0,0,0,0
"46",71047,1,0,0.75,0.916666666666667,0,0.333333333333333,NA,NA,NA,0.833333333333333,0,0.416666666666667,1,0,0.75,NA,NA,NA,NA,NA,NA,1,0,0.25,1,0,0.75,NA,NA,NA,1288,1307.41666666667,1477.75,1657.16666666667,1417.94444444444,1501.54545454545,1548.58333333333,1909.125,1930.6875,1866,6,6,6,1,7,6,6,5,5,6,6,4.5,1,2,1,1,1,1,1,1,1,1,3,1,1,2,1,1,1,1,1,1,24,1,2,2,1,1,2,1,1,2,1,1,3,3,3,2,1,1,1,1,1,31,2,3,1,4,3,3,4,4,3,3,1,4,2,3,3,1,4,4,3,1,0,4,0,2,3,1,3,3,4,3,1,2,1,4,4,2,4,3,4,4,1,4,0,3,3,3,3,3,4,4,1,4,3,4,4,1,4,3,3,4,17,43,27,41,39,0,0,0,0,0,0,1,1,0,1,0,0,0,0,0,1,0,0,0,0,0,4
"47",71048,1,0,0.666666666666667,0.916666666666667,0,0.333333333333333,NA,NA,NA,0.833333333333333,0,0.5,1,0,0.75,NA,NA,NA,NA,NA,NA,1,0,0.166666666666667,1,0,0.583333333333333,NA,NA,NA,1353.33333333333,1197.41666666667,1353.33333333333,1361,1349.5,1301.90909090909,1292.41666666667,1428.20833333333,1308.5,1667.625,6,4,6,1,6,2,5,4,2,5,5.33333333333333,2.25,1,1,1,1,1,1,1,1,1,1,2,1,1,1,1,1,1,1,2,2,23,1,1,1,1,1,2,1,1,1,1,1,1,1,2,1,1,2,1,1,1,23,1,3,1,4,4,0,3,3,4,3,1,4,1,4,3,0,4,3,3,4,0,1,2,3,4,0,4,2,2,1,0,2,3,3,4,1,4,1,4,4,0,4,1,2,3,0,3,0,4,4,1,4,3,3,4,0,3,1,4,4,4,39,21,40,42,0,0,0,0,0,0,0,0,0,0,0,0,0,0,0,0,0,0,0,0,0,0
"48",71049,1,0,0.916666666666667,0.916666666666667,0,0.375,1,0,0.833333333333333,NA,NA,NA,NA,NA,NA,1,0,0.416666666666667,1,0,1,NA,NA,NA,NA,NA,NA,0.833333333333333,0,0.333333333333333,1582.08333333333,1551,1565.16666666667,2012.5,1524.5,1578.54545454545,1432.75,1881.70833333333,1734.53333333333,2127,6,5,6,2,6,3,6,5,5,6,5.83333333333333,3.75,2,1,2,1,3,1,1,2,1,1,1,1,2,1,1,1,1,1,1,1,26,1,1,1,2,1,2,2,1,2,1,1,1,1,1,1,1,1,2,2,1,26,3,4,3,3,4,1,4,3,2,3,3,1,1,4,4,0,4,3,0,4,1,3,0,2,4,0,4,3,1,3,1,3,3,3,4,1,4,3,3,4,1,3,1,1,3,1,3,1,4,4,1,3,3,3,4,0,3,1,3,4,13,39,25,29,45,0,0,0,0,0,0,0,0,0,0,0,0,0,0,0,0,0,0,0,0,0,0
"49",71050,1,0,0.833333333333333,0.916666666666667,0,0.625,1,0,0.75,NA,NA,NA,NA,NA,NA,1,0,0.5,1,0,0.916666666666667,NA,NA,NA,NA,NA,NA,0.833333333333333,0,0.75,1643.83333333333,1568.91666666667,2125.41666666667,2385.25,2073.45,1624.18181818182,1752.25,2033.54166666667,2109.44444444444,1988,5,4,2,2,1,4,4,3,3,3,3,3.25,3,4,3,3,3,1,4,4,3,3,4,3,2,4,4,4,4,2,3,3,64,2,4,3,4,4,3,3,4,4,2,2,4,3,3,3,3,2,3,3,2,61,4,3,3,4,2,3,4,3,3,1,4,2,3,4,1,4,3,3,3,2,3,3,3,4,1,4,1,3,3,1,4,2,3,4,3,3,4,4,4,3,2,3,3,3,2,3,3,3,4,1,3,2,3,3,2,3,2,1,4,3,40,32,35,43,22,1,1,2,1,0,0,3,3,1,1,1,0,2,2,2,2,0,1,2,1,0,26
"50",71051,1,0.0833333333333333,0.875,1,0,0.458333333333333,NA,NA,NA,1,0,0.5,1,0,0.833333333333333,NA,NA,NA,NA,NA,NA,1,0,0.416666666666667,1,0.166666666666667,0.916666666666667,NA,NA,NA,1154,1408.63636363636,1149,1325.33333333333,1123.80952380952,1320.25,1290.75,1682.79166666667,1843,1493.45454545455,7,6,7,2,7,4,7,7,4,7,7,4,1,1,2,2,2,2,3,1,1,1,2,2,2,1,1,1,3,2,1,2,33,2,2,1,4,2,1,1,1,2,1,2,3,2,2,3,2,3,2,1,3,40,1,1,4,4,4,3,4,4,4,4,3,1,4,4,0,3,4,2,3,4,1,3,4,1,4,4,1,1,3,1,3,4,4,4,4,1,4,4,4,4,2,3,4,1,4,3,4,0,4,4,2,4,4,3,4,3,4,4,3,4,29,37,39,38,41,1,1,0,0,0,0,1,1,0,1,0,0,0,1,1,1,0,1,1,0,0,10
"51",71052,1,0,0.833333333333333,0.916666666666667,0,0.458333333333333,NA,NA,NA,0.833333333333333,0,0.583333333333333,1,0,0.833333333333333,NA,NA,NA,NA,NA,NA,1,0,0.333333333333333,1,0,0.833333333333333,NA,NA,NA,1182.83333333333,1296.5,1518.58333333333,1927,1436.9,1556.81818181818,1391.33333333333,1831.66666666667,1893.30769230769,1758.81818181818,7,4,7,1,7,4,7,7,5,7,7,3.5,2,1,3,3,2,1,3,2,1,2,1,2,1,2,2,1,3,2,2,2,38,1,2,1,2,1,2,1,2,3,1,1,1,1,3,1,1,2,2,1,1,30,3,3,3,4,3,3,4,4,4,4,3,1,1,1,3,1,3,4,3,4,1,2,1,1,3,1,4,1,3,3,3,2,3,4,4,1,4,1,1,4,0,3,1,2,4,1,4,3,4,4,0,4,4,4,4,0,4,3,4,4,17,38,29,35,44,0,1,1,0,1,0,0,1,0,0,1,0,1,0,1,0,0,0,1,1,0,9
"52",71053,1,0,0.791666666666667,0.916666666666667,0,0.375,1,0,0.833333333333333,NA,NA,NA,NA,NA,NA,1,0,0.333333333333333,1,0,0.75,NA,NA,NA,NA,NA,NA,0.833333333333333,0,0.416666666666667,1379.25,1415.08333333333,1640.75,2357,1452.26315789474,1463.36363636364,1329.41666666667,1819.20833333333,1729.86666666667,1968.11111111111,5,6,3,2,2,3,4,4,1,4,3.66666666666667,3,2,1,1,1,1,1,2,2,1,1,1,3,1,2,1,2,3,1,2,2,31,3,2,2,3,2,2,3,3,2,2,1,2,3,2,2,2,2,3,2,2,45,2.18181818181818,3,1,4,3,3,4,3,3,3,4,0,2,3,3,1,3,3,1,3,1,3,1,3,4,3,3,0,1,1,3,2,2,3,4,2,3,4,3,2,1,3,1,3,2,2,3,2,4,3,3,4,3,3,3,1,0,2,2,4,26.1818181818182,31,24,33,35,0,1,1,0,1,0,1,1,0,1,0,0,1,0,1,1,1,1,1,1,0,13
"53",71054,1,0,0.583333333333333,0.916666666666667,0,0.5,1,0,0.583333333333333,NA,NA,NA,NA,NA,NA,1,0,0.5,1,0,0.583333333333333,NA,NA,NA,NA,NA,NA,0.833333333333333,0,0.5,1572.41666666667,1578.91666666667,2035.41666666667,2078.6,2004.57142857143,1493.63636363636,1823.16666666667,2118.66666666667,2249.83333333333,1987.5,5,1,7,3,5,1,5,5,1,5,5.33333333333333,1.5,2,2,1,3,2,1,1,1,1,1,2,2,1,1,2,1,2,1,1,3,31,2,3,2,4,2,3,3,4,3,2,2,3,3,3,1,2,1,2,2,2,49,4,1,3,4,3,3,4,2,1,4,4,3,0,3,4,3,1,4,1,4,1,3,0,0,4,4,0,3,1,1,4,1,3,4,4,1,2,4,3,4,1,0,0,4,3,3,3,3,4,4,1,4,4,3,3,3,1,1,1,4,32,23,27,29,42,1,0,1,1,1,0,2,1,0,2,0,1,0,2,1,0,2,1,1,1,2,20
"54",71055,1,0,0.833333333333333,0.916666666666667,0,0.583333333333333,NA,NA,NA,0.833333333333333,0,0.583333333333333,1,0,0.833333333333333,NA,NA,NA,NA,NA,NA,1,0,0.583333333333333,1,0,0.833333333333333,NA,NA,NA,1768.5,1516.16666666667,1958.95833333333,2051,1940.55,1664.54545454545,1498.08333333333,2130.41666666667,2007.4,2218.28571428571,7,7,7,3,4,6,7,5,6,7,6.16666666666667,5.5,2,2,2,2,2,2,1,2,2,2,2,2,2,2,2,2,2,2,3,3,41,2,2,2,2,2,3,2,2,3,2,2,2,3,3,2,2,2,2,2,2,44,1,2,3,4,3,3,2,3,4,3,3,2,3,3,2,2,3,3,1,3,1,2,1,2,3,2,1,2,3,1,1,1,3,3,3,1,3,2,2,3,2,2,2,2,1,3,2,2,4,2,1,3,3,1,3,1,3,1,4,3,21,26,28,33,30,0,1,0,0,0,0,0,0,0,0,0,1,1,0,1,2,0,1,0,1,0,8
"55",71057,1,0,0.791666666666667,1,0,0.625,1,0,0.75,NA,NA,NA,NA,NA,NA,1,0,0.583333333333333,1,0,0.833333333333333,NA,NA,NA,NA,NA,NA,1,0,0.666666666666667,1671.5,1394.5,1699.29166666667,1787.4,1676.10526315789,1783.66666666667,1776,2484.08333333333,2350.22222222222,2564.4,6,5,6,1,5,6,5,5,5,5,5.33333333333333,4.25,2,3,1,2,2,1,3,2,1,1,2,2,3,2,3,3,1,1,2,2,39,2,3,2,3,1,3,4,2,3,2,1,2,3,3,1,2,3,3,2,3,48,3,2,2,4,3,3,4,4,4,1,4,1,4,4,3,2,3,3,3,3,3,3,3,4,3,1,3,3,1,1,3,3,0,3,4,2,4,4,3,3,1,3,3,3,3,2,4,3,4,3,1,4,4,2,3,1,2,4,3,4,26,36,37,38,34,0,1,0,0,0,0,1,1,0,1,2,0,0,0,1,1,0,1,1,1,0,11
"56",71058,1,0.166666666666667,0.583333333333333,0.916666666666667,0,0.5,1,0.166666666666667,0.583333333333333,NA,NA,NA,NA,NA,NA,1,0,0.5,1,0.166666666666667,0.583333333333333,NA,NA,NA,NA,NA,NA,0.833333333333333,0,0.5,1293.75,1477.5,1768.625,1978.4,1618.78571428571,1450.27272727273,1510,1662.91666666667,1623.83333333333,1702,5,2,6,2,5,2,5,5,1,6,5.33333333333333,1.75,2,2,1,1,2,1,1,2,1,2,3,1,1,3,2,1,1,1,2,3,33,2,2,2,2,2,2,2,2,3,2,2,1,2,3,2,2,2,3,2,2,42,3,3,3,4,3,3,4,1,3,1,1,3,1,4,1,3,4,4,4,1,1,3,3,4,3,3,4,1,1,0,3,3,4,4,3,3,4,4,4,3,3,4,3,3,1,3,3,1,3,1,3,3,3,1,3,1,3,1,3,3,30,41,29,38,23,0,1,1,0,1,0,1,0,0,0,1,0,0,0,1,1,0,1,1,1,0,10
"57",71059,1,0,0.833333333333333,0.916666666666667,0,0.416666666666667,NA,NA,NA,0.833333333333333,0,0.416666666666667,1,0,0.833333333333333,NA,NA,NA,NA,NA,NA,1,0,0.416666666666667,1,0,0.833333333333333,NA,NA,NA,1453.25,1390.91666666667,1662.875,1588,1677.85,1834.45454545455,1500.58333333333,2109.875,2129.92857142857,2081.8,6,6,5,2,6,7,6,6,7,6,5.83333333333333,5.5,2,3,1,1,1,2,3,2,2,1,2,2,1,2,1,2,2,1,1,2,34,2,2,2,3,2,2,1,2,2,1,2,3,1,3,2,1,4,3,2,2,42,1,1,4,4,1,3,2,3,4,2,2,0,4,3,2,3,1,4,3,3,1,3,3,4,3,3,2,4,3,0,1,1,4,4,4,3,3,4,4,3,1,1,4,3,2,1,2,4,4,2,2,3,4,4,2,3,2,4,4,4,24,21,46,44,28,1,0,0,1,1,0,0,0,0,1,0,1,0,0,1,1,0,0,1,0,0,8
"58",71060,1,0,0.958333333333333,1,0,0.541666666666667,NA,NA,NA,1,0,0.5,1,0,1,NA,NA,NA,NA,NA,NA,1,0,0.583333333333333,1,0,0.916666666666667,NA,NA,NA,1419.58333333333,1414.08333333333,1537.70833333333,2091,1513.65217391304,1745.16666666667,1558.83333333333,1899.375,1971.54545454545,1838.30769230769,4,5,5,3,3,5,3,4,5,3,3.66666666666667,4.5,4,2,4,3,2.68421052631579,1,2,3,1,3,3,4,3,4,3,3,2,1,2,3,53.6842105263158,3,4,3,4,2,3,3,3,3.10526315789474,3,3,4,3,4,2,3,4,2,3,3,62.1052631578947,4,1,2.54545454545455,3,1,3,2,2,3,3,3,1,1,4,3,4,3,3,2,3,4,1,1,4,3,2,1,2,1,1,4,2,4,2,3,2,2,4,2,3,3,2,0,4,4,3,0,4,4,4,4,2,4,4,2,1,1,3,2,3,37,18,30.5454545454545,35,33,1,1,0,0,2,1,1,2,1,2,2,0,1,0,0,3,0,1,1,0,0,19
"59",71061,1,0,0.916666666666667,0.916666666666667,0,0.625,1,0,0.916666666666667,NA,NA,NA,NA,NA,NA,1,0,0.5,1,0,0.916666666666667,NA,NA,NA,NA,NA,NA,0.833333333333333,0,0.75,1301.08333333333,1331.83333333333,1599.5,1845,1577.18181818182,1656,1547.58333333333,2115.875,2076.11111111111,2139.73333333333,5,5,6,3,6,4,5,6,2,3,5.16666666666667,3.5,2,2,1,1,2,1,1,2,1,2,3,1,1,3,1,1,1,2,3,3,34,3,2,3,2,1,2,2,1,1,1,1,2,2,3,1,2,2,2,2,1,36,2,2,3,4,3,3,3,3,2,3,4,1,3,2,1,2,3,3,3,3,1,3,3,4,3,1,3,3,2,2,1,3,3,3,3,1,3,4,3,3,2,4,3,2,3,1,4,3,3,3,0,3,3,1,3,2,2,2,3,3,20,34,36,32,33,0,0,1,0,1,0,1,1,0,1,1,0,1,0,1,1,0,1,1,0,0,11
